conid,symbol,strike,maturityDate,right
912500874,"CROX",75.0,"20261016","P"
912500954,"CROX",80.0,"20261016","P"
912501040,"CROX",85.0,"20261016","P"
912501118,"CROX",90.0,"20261016","P"
912501194,"CROX",95.0,"20261016","P"
912499433,"CROX",100.0,"20261016","P"
912499509,"CROX",105.0,"20261016","P"
912499572,"CROX",110.0,"20261016","P"
912499648,"CROX",115.0,"20261016","P"
912499726,"CROX",120.0,"20261016","P"
912499816,"CROX",125.0,"20261016","P"
912499906,"CROX",130.0,"20261016","P"
912499988,"CROX",135.0,"20261016","P"
912500067,"CROX",140.0,"20261016","P"
912500145,"CROX",145.0,"20261016","P"
912500230,"CROX",150.0,"20261016","P"
912500310,"CROX",155.0,"20261016","P"
912500378,"CROX",160.0,"20261016","P"
912500450,"CROX",165.0,"20261016","P"
912500556,"CROX",170.0,"20261016","P"
912500642,"CROX",175.0,"20261016","P"
912500716,"CROX",180.0,"20261016","P"
912500785,"CROX",185.0,"20261016","P"
