conid,symbol,right,month,strike,maturityDate,bid,ask,delta,gamma,theta,vega,volume,open_interest,historical_volatility,implied_volatility
844799491,TREX,P,,20.0,20261016,,,,,,,,,,
844799497,TREX,P,,22.5,20261016,,,,,,,,,,
844799500,TREX,P,,25.0,20261016,,,,,,,,,,
844799511,TREX,P,,27.5,20261016,,,,,,,,,,
844799517,TREX,P,,30.0,20261016,,,,,,,,,,
844799524,TREX,P,,32.5,20261016,,,,,,,,,,
844799534,TREX,P,,35.0,20261016,,,,,,,,,,
844799536,TREX,P,,37.5,20261016,,,,,,,,,,
844799541,TREX,P,,40.0,20261016,,,,,,,,,,
844799551,TREX,P,,42.5,20261016,,,,,,,,,,
844799559,TREX,P,,45.0,20261016,,,,,,,,,,
844799565,TREX,P,,47.5,20261016,,,,,,,,,,
844799574,TREX,P,,50.0,20261016,,,,,,,,,,
848513666,TREX,P,,52.5,20261016,,,,,,,,,,
844799577,TREX,P,,55.0,20261016,,,,,,,,,,
896476836,TREX,P,,57.5,20261016,,,,,,,,,,
845094948,TREX,P,,60.0,20261016,,,,,,,,,,
848513711,TREX,P,,65.0,20261016,,,,,,,,,,
894530535,TREX,P,,70.0,20261016,,,,,,,,,,
