conid,symbol,right,expiration,strike,multiplier,bid,ask,last,close,volume,delta,gamma,theta,vega,impliedVol,bidSize,askSize,high,low,openPrice,openInterest
929358642,MU,P,20261012,990.000000,100,3.350000,3.800000,3.800000,3.880000,73.000000,-0.106412,0.003327,-0.904853,0.258481,0.445760,371.000000,691.000000,10.550000,3.800000,nan,nan
929358656,MU,P,20261012,995.000000,100,4.000000,4.300000,4.200000,4.570000,154.000000,-0.123402,0.003712,-1.061539,0.263871,0.441501,638.000000,293.000000,12.000000,4.200000,nan,nan
929355259,MU,P,20261012,1000.000000,100,4.800000,5.050000,5.200000,5.430000,383.000000,-0.139900,0.004088,-1.138676,0.264996,0.437608,126.000000,97.000000,14.300000,5.000000,nan,nan
929355292,MU,P,20261012,1005.000000,100,5.650000,6.200000,10.050000,6.400000,33.000000,-0.163227,0.004562,-1.275049,0.324719,0.434079,258.000000,598.000000,15.700000,10.000000,nan,nan
928656943,MU,P,20261012,1010.000000,100,6.700000,7.200000,7.450000,7.570000,187.000000,-0.182139,0.004921,-1.380198,0.326031,0.430909,324.000000,712.000000,18.900000,7.450000,nan,nan
928656955,MU,P,20261012,1015.000000,100,7.900000,8.400000,9.400000,8.800000,133.000000,-0.219492,0.005497,-1.577809,0.383843,0.428094,263.000000,424.000000,20.100000,9.400000,nan,nan
928656969,MU,P,20261012,1020.000000,100,9.250000,9.700000,9.950000,10.250000,124.000000,-0.246775,0.005907,-1.623662,0.385372,0.425629,255.000000,325.000000,22.930000,9.950000,nan,nan
928656983,MU,P,20261012,1025.000000,100,10.800000,11.350000,12.200000,11.770000,81.000000,-0.274270,0.006269,-1.748945,0.435951,0.423508,180.000000,411.000000,26.000000,12.200000,nan,nan
928656993,MU,P,20261012,1030.000000,100,12.550000,12.950000,12.800000,13.700000,72.000000,-0.310815,0.006673,-1.822966,0.437551,0.421726,248.000000,251.000000,28.550000,12.800000,nan,nan
928657006,MU,P,20261012,1035.000000,100,14.450000,14.950000,14.650000,15.750000,88.000000,-0.343073,0.006979,-1.945141,0.475564,0.420279,165.000000,253.000000,32.400000,14.650000,nan,nan
928657018,MU,P,20261012,1040.000000,100,16.550000,17.050000,17.650000,18.020000,47.000000,-0.379047,0.007231,-1.971960,0.477300,0.419159,144.000000,106.000000,36.760000,17.650000,nan,nan
928657034,MU,P,20261012,1045.000000,100,18.950000,19.500000,21.250000,20.480000,61.000000,-0.415661,0.007448,-2.053634,0.498428,0.418362,83.000000,232.000000,40.000000,21.000000,nan,nan
928657051,MU,P,20261012,1050.000000,100,21.450000,22.050000,32.700000,23.000000,60.000000,-0.450832,0.007548,-2.054503,0.500211,0.417881,140.000000,189.000000,42.180000,32.700000,nan,nan
928657069,MU,P,20261012,1055.000000,100,24.250000,24.900000,27.950000,25.880000,12.000000,-0.488748,0.007643,-2.057269,0.501899,0.417712,135.000000,207.000000,48.450000,27.950000,nan,nan
